{
    "name": "Condensed corruption",
    "description": "Summons your corruption out of your body, conjuring a wither skull for you to launch",

    "type": "origins:active_self",
    "entity_action": {
        "type": "origins:and",
        "actions": [
          {
            "type": "origins:add_velocity",
            "y": 0.5,
            "space": "world"
          }
        ]
    },
    "cooldown": 50,
    "hud_render":{
        "should_render": true,
        "sprite_location": "origins:textures/gui/community/huang/resource_bar_01.png",
        "bar_index": 8
    },
    "key": {
        "key": "key.origins.primary_active",
        "continuous": true
      }

}